1001,PRODUTO,PR,2,2,2
1002,PRODUTO,PR,2,2,2
1003,PRODUTO,PR,2,2,2
1004,PRODUTO,PR,2,2,2
1005,PRODUTO,PR,2,2,2
1006,PRODUTO,PR,2,2,2
1007,PRODUTO,PR,2,2,2
1008,PRODUTO,PR,2,2,2
1009,PRODUTO,PR,2,2,2
1010,PRODUTO,PR,2,2,2
1011,PRODUTO,PR,2,2,2
1012,PRODUTO,PR,2,2,2
1013,PRODUTO,PR,2,2,2
1014,PRODUTO,PR,2,2,2
1015,PRODUTO,PR,2,2,2
1016,PRODUTO,PR,2,2,2
1017,PRODUTO,PR,2,2,2
1018,PRODUTO,PR,2,2,2
1019,PRODUTO,PR,2,2,2
1020,PRODUTO,PR,2,2,2
1021,PRODUTO,PR,2,2,2
1022,PRODUTO,PR,2,2,2
1023,PRODUTO,PR,2,2,2
1024,PRODUTO,PR,2,2,2
1025,PRODUTO,PR,2,2,2
1026,PRODUTO,PR,2,2,2
1027,PRODUTO,PR,2,2,2
1028,PRODUTO,PR,2,2,2
1029,PRODUTO,PR,2,2,2
1030,PRODUTO,PR,2,2,2
1031,PRODUTO,PR,2,2,2
1032,PRODUTO,PR,2,2,2
1033,PRODUTO,PR,2,2,2
1034,PRODUTO,PR,2,2,2
1035,PRODUTO,PR,2,2,2
1036,PRODUTO,PR,2,2,2
1037,PRODUTO,PR,2,2,2
1038,PRODUTO,PR,2,2,2
1039,PRODUTO,PR,2,2,2
1040,PRODUTO,PR,2,2,2
1041,PRODUTO,PR,2,2,2
1042,PRODUTO,PR,2,2,2
1043,PRODUTO,PR,2,2,2
1044,PRODUTO,PR,2,2,2
1045,PRODUTO,PR,2,2,2
1046,PRODUTO,PR,2,2,2
1047,PRODUTO,PR,2,2,2
1048,PRODUTO,PR,2,2,2
1049,PRODUTO,PR,2,2,2
1050,PRODUTO,PR,2,2,2
1051,PRODUTO,PR,2,2,2
1052,PRODUTO,PR,2,2,2
1053,PRODUTO,PR,2,2,2
1054,PRODUTO,PR,2,2,2
1055,PRODUTO,PR,2,2,2
1056,PRODUTO,PR,2,2,2
1057,PRODUTO,PR,2,2,2
1058,PRODUTO,PR,2,2,2
1059,PRODUTO,PR,2,2,2
1060,PRODUTO,PR,2,2,2
1061,PRODUTO,PR,2,2,2
1062,PRODUTO,PR,2,2,2
1063,PRODUTO,PR,2,2,2
1064,PRODUTO,PR,2,2,2
1065,PRODUTO,PR,2,2,2
1066,PRODUTO,PR,2,2,2
1067,PRODUTO,PR,2,2,2
1068,PRODUTO,PR,2,2,2
1069,PRODUTO,PR,2,2,2
1070,PRODUTO,PR,2,2,2
1071,PRODUTO,PR,2,2,2
1072,PRODUTO,PR,2,2,2
1073,PRODUTO,PR,2,2,2
1074,PRODUTO,PR,2,2,2
1075,PRODUTO,PR,2,2,2
1076,PRODUTO,PR,2,2,2
1077,PRODUTO,PR,2,2,2
1078,PRODUTO,PR,2,2,2
1079,PRODUTO,PR,2,2,2
1080,PRODUTO,PR,2,2,2
1081,PRODUTO,PR,2,2,2
1082,PRODUTO,PR,2,2,2
1083,PRODUTO,PR,2,2,2
1084,PRODUTO,PR,2,2,2
1085,PRODUTO,PR,2,2,2
1086,PRODUTO,PR,2,2,2
1087,PRODUTO,PR,2,2,2
1088,PRODUTO,PR,2,2,2
1089,PRODUTO,PR,2,2,2
1090,PRODUTO,PR,2,2,2
1091,PRODUTO,PR,2,2,2
1092,PRODUTO,PR,2,2,2
1093,PRODUTO,PR,2,2,2
1094,PRODUTO,PR,2,2,2
1095,PRODUTO,PR,2,2,2
1096,PRODUTO,PR,2,2,2
1097,PRODUTO,PR,2,2,2
1098,PRODUTO,PR,2,2,2
1099,PRODUTO,PR,2,2,2
1100,PRODUTO,PR,2,2,2
1101,PRODUTO,PR,2,2,2
1102,PRODUTO,PR,2,2,2
1103,PRODUTO,PR,2,2,2
1104,PRODUTO,PR,2,2,2
1105,PRODUTO,PR,2,2,2
1106,PRODUTO,PR,2,2,2
1107,PRODUTO,PR,2,2,2
1108,PRODUTO,PR,2,2,2
1109,PRODUTO,PR,2,2,2
1110,PRODUTO,PR,2,2,2
1111,PRODUTO,PR,2,2,2
1112,PRODUTO,PR,2,2,2
1113,PRODUTO,PR,2,2,2
1114,PRODUTO,PR,2,2,2
1115,PRODUTO,PR,2,2,2
1116,PRODUTO,PR,2,2,2
1117,PRODUTO,PR,2,2,2
1118,PRODUTO,PR,2,2,2
1119,PRODUTO,PR,2,2,2
1120,PRODUTO,PR,2,2,2
1121,PRODUTO,PR,2,2,2
1122,PRODUTO,PR,2,2,2
1123,PRODUTO,PR,2,2,2
1124,PRODUTO,PR,2,2,2
1125,PRODUTO,PR,2,2,2
1126,PRODUTO,PR,2,2,2
1127,PRODUTO,PR,2,2,2
1128,PRODUTO,PR,2,2,2
1129,PRODUTO,PR,2,2,2
1130,PRODUTO,PR,2,2,2
1131,PRODUTO,PR,2,2,2
1132,PRODUTO,PR,2,2,2
1133,PRODUTO,PR,2,2,2
1134,PRODUTO,PR,2,2,2
1135,PRODUTO,PR,2,2,2
1136,PRODUTO,PR,2,2,2
1137,PRODUTO,PR,2,2,2
1138,PRODUTO,PR,2,2,2
1139,PRODUTO,PR,2,2,2
1140,PRODUTO,PR,2,2,2
1141,PRODUTO,PR,2,2,2
1142,PRODUTO,PR,2,2,2
1143,PRODUTO,PR,2,2,2
1144,PRODUTO,PR,2,2,2
1145,PRODUTO,PR,2,2,2
1146,PRODUTO,PR,2,2,2
1147,PRODUTO,PR,2,2,2
1148,PRODUTO,PR,2,2,2
1149,PRODUTO,PR,2,2,2
1150,PRODUTO,PR,2,2,2
1151,PRODUTO,PR,2,2,2
1152,PRODUTO,PR,2,2,2
1153,PRODUTO,PR,2,2,2
1154,PRODUTO,PR,2,2,2
1155,PRODUTO,PR,2,2,2
1156,PRODUTO,PR,2,2,2
1157,PRODUTO,PR,2,2,2
1158,PRODUTO,PR,2,2,2
1159,PRODUTO,PR,2,2,2
1160,PRODUTO,PR,2,2,2
1161,PRODUTO,PR,2,2,2
1162,PRODUTO,PR,2,2,2
1163,PRODUTO,PR,2,2,2
1164,PRODUTO,PR,2,2,2
1165,PRODUTO,PR,2,2,2
1166,PRODUTO,PR,2,2,2
1167,PRODUTO,PR,2,2,2
1168,PRODUTO,PR,2,2,2
1169,PRODUTO,PR,2,2,2
1170,PRODUTO,PR,2,2,2
1171,PRODUTO,PR,2,2,2
1172,PRODUTO,PR,2,2,2
1173,PRODUTO,PR,2,2,2
1174,PRODUTO,PR,2,2,2
1175,PRODUTO,PR,2,2,2
1176,PRODUTO,PR,2,2,2
1177,PRODUTO,PR,2,2,2
1178,PRODUTO,PR,2,2,2
1179,PRODUTO,PR,2,2,2
1180,PRODUTO,PR,2,2,2
1181,PRODUTO,PR,2,2,2
1182,PRODUTO,PR,2,2,2
1183,PRODUTO,PR,2,2,2
1184,PRODUTO,PR,2,2,2
1185,PRODUTO,PR,2,2,2
1186,PRODUTO,PR,2,2,2
1187,PRODUTO,PR,2,2,2
1188,PRODUTO,PR,2,2,2
1189,PRODUTO,PR,2,2,2
1190,PRODUTO,PR,2,2,2
1191,PRODUTO,PR,2,2,2
1192,PRODUTO,PR,2,2,2
1193,PRODUTO,PR,2,2,2
1194,PRODUTO,PR,2,2,2
1195,PRODUTO,PR,2,2,2
1196,PRODUTO,PR,2,2,2
1197,PRODUTO,PR,2,2,2
1198,PRODUTO,PR,2,2,2
1199,PRODUTO,PR,2,2,2
1200,PRODUTO,PR,2,2,2
1201,PRODUTO,PR,2,2,2
1202,PRODUTO,PR,2,2,2
1203,PRODUTO,PR,2,2,2
1204,PRODUTO,PR,2,2,2
1205,PRODUTO,PR,2,2,2
1206,PRODUTO,PR,2,2,2
1207,PRODUTO,PR,2,2,2
1208,PRODUTO,PR,2,2,2
1209,PRODUTO,PR,2,2,2
1210,PRODUTO,PR,2,2,2
1211,PRODUTO,PR,2,2,2
1212,PRODUTO,PR,2,2,2
1213,PRODUTO,PR,2,2,2
1214,PRODUTO,PR,2,2,2
1215,PRODUTO,PR,2,2,2
1216,PRODUTO,PR,2,2,2
1217,PRODUTO,PR,2,2,2
1218,PRODUTO,PR,2,2,2
1219,PRODUTO,PR,2,2,2
1220,PRODUTO,PR,2,2,2
1221,PRODUTO,PR,2,2,2
1222,PRODUTO,PR,2,2,2
1223,PRODUTO,PR,2,2,2
1224,PRODUTO,PR,2,2,2
1225,PRODUTO,PR,2,2,2
1226,PRODUTO,PR,2,2,2
1227,PRODUTO,PR,2,2,2
1228,PRODUTO,PR,2,2,2
1229,PRODUTO,PR,2,2,2
1230,PRODUTO,PR,2,2,2
1231,PRODUTO,PR,2,2,2
1232,PRODUTO,PR,2,2,2
1233,PRODUTO,PR,2,2,2
1234,PRODUTO,PR,2,2,2
1235,PRODUTO,PR,2,2,2
1236,PRODUTO,PR,2,2,2
1237,PRODUTO,PR,2,2,2
1238,PRODUTO,PR,2,2,2
1239,PRODUTO,PR,2,2,2
1240,PRODUTO,PR,2,2,2
1241,PRODUTO,PR,2,2,2
1242,PRODUTO,PR,2,2,2
1243,PRODUTO,PR,2,2,2
1244,PRODUTO,PR,2,2,2
1245,PRODUTO,PR,2,2,2
1246,PRODUTO,PR,2,2,2
1247,PRODUTO,PR,2,2,2
1248,PRODUTO,PR,2,2,2
1249,PRODUTO,PR,2,2,2
1250,PRODUTO,PR,2,2,2
1251,PRODUTO,PR,2,2,2
1252,PRODUTO,PR,2,2,2
1253,PRODUTO,PR,2,2,2
1254,PRODUTO,PR,2,2,2
1255,PRODUTO,PR,2,2,2
1256,PRODUTO,PR,2,2,2
1257,PRODUTO,PR,2,2,2
1258,PRODUTO,PR,2,2,2
1259,PRODUTO,PR,2,2,2
1260,PRODUTO,PR,2,2,2
1261,PRODUTO,PR,2,2,2
1262,PRODUTO,PR,2,2,2
1263,PRODUTO,PR,2,2,2
1264,PRODUTO,PR,2,2,2
1265,PRODUTO,PR,2,2,2
1266,PRODUTO,PR,2,2,2
1267,PRODUTO,PR,2,2,2
1268,PRODUTO,PR,2,2,2
1269,PRODUTO,PR,2,2,2
1270,PRODUTO,PR,2,2,2
1271,PRODUTO,PR,2,2,2
1272,PRODUTO,PR,2,2,2
1273,PRODUTO,PR,2,2,2
1274,PRODUTO,PR,2,2,2
1275,PRODUTO,PR,2,2,2
1276,PRODUTO,PR,2,2,2
1277,PRODUTO,PR,2,2,2
1278,PRODUTO,PR,2,2,2
1279,PRODUTO,PR,2,2,2
1280,PRODUTO,PR,2,2,2
1281,PRODUTO,PR,2,2,2
1282,PRODUTO,PR,2,2,2
1283,PRODUTO,PR,2,2,2
1284,PRODUTO,PR,2,2,2
1285,PRODUTO,PR,2,2,2
1286,PRODUTO,PR,2,2,2
1287,PRODUTO,PR,2,2,2
1288,PRODUTO,PR,2,2,2
1289,PRODUTO,PR,2,2,2
1290,PRODUTO,PR,2,2,2
1291,PRODUTO,PR,2,2,2
1292,PRODUTO,PR,2,2,2
1293,PRODUTO,PR,2,2,2
1294,PRODUTO,PR,2,2,2
1295,PRODUTO,PR,2,2,2
1296,PRODUTO,PR,2,2,2
1297,PRODUTO,PR,2,2,2
1298,PRODUTO,PR,2,2,2
1299,PRODUTO,PR,2,2,2
1300,PRODUTO,PR,2,2,2
1301,PRODUTO,PR,2,2,2
1302,PRODUTO,PR,2,2,2
1303,PRODUTO,PR,2,2,2
1304,PRODUTO,PR,2,2,2
1305,PRODUTO,PR,2,2,2
1306,PRODUTO,PR,2,2,2
1307,PRODUTO,PR,2,2,2
1308,PRODUTO,PR,2,2,2
1309,PRODUTO,PR,2,2,2
1310,PRODUTO,PR,2,2,2
1311,PRODUTO,PR,2,2,2
1312,PRODUTO,PR,2,2,2
1313,PRODUTO,PR,2,2,2
1314,PRODUTO,PR,2,2,2
1315,PRODUTO,PR,2,2,2
1316,PRODUTO,PR,2,2,2
1317,PRODUTO,PR,2,2,2
1318,PRODUTO,PR,2,2,2
1319,PRODUTO,PR,2,2,2
1320,PRODUTO,PR,2,2,2
1321,PRODUTO,PR,2,2,2
1322,PRODUTO,PR,2,2,2
1323,PRODUTO,PR,2,2,2
1324,PRODUTO,PR,2,2,2
1325,PRODUTO,PR,2,2,2
1326,PRODUTO,PR,2,2,2
1327,PRODUTO,PR,2,2,2
1328,PRODUTO,PR,2,2,2
1329,PRODUTO,PR,2,2,2
1330,PRODUTO,PR,2,2,2
1331,PRODUTO,PR,2,2,2
1332,PRODUTO,PR,2,2,2
1333,PRODUTO,PR,2,2,2
1334,PRODUTO,PR,2,2,2
1335,PRODUTO,PR,2,2,2
1336,PRODUTO,PR,2,2,2
1337,PRODUTO,PR,2,2,2
1338,PRODUTO,PR,2,2,2
1339,PRODUTO,PR,2,2,2
1340,PRODUTO,PR,2,2,2
1341,PRODUTO,PR,2,2,2
1342,PRODUTO,PR,2,2,2
1343,PRODUTO,PR,2,2,2
1344,PRODUTO,PR,2,2,2
1345,PRODUTO,PR,2,2,2
1346,PRODUTO,PR,2,2,2
1347,PRODUTO,PR,2,2,2
1348,PRODUTO,PR,2,2,2
1349,PRODUTO,PR,2,2,2
1350,PRODUTO,PR,2,2,2
1351,PRODUTO,PR,2,2,2
1352,PRODUTO,PR,2,2,2
1353,PRODUTO,PR,2,2,2
1354,PRODUTO,PR,2,2,2
1355,PRODUTO,PR,2,2,2
1356,PRODUTO,PR,2,2,2
1357,PRODUTO,PR,2,2,2
1358,PRODUTO,PR,2,2,2
1359,PRODUTO,PR,2,2,2
1360,PRODUTO,PR,2,2,2
1361,PRODUTO,PR,2,2,2
1362,PRODUTO,PR,2,2,2
1363,PRODUTO,PR,2,2,2
1364,PRODUTO,PR,2,2,2
1365,PRODUTO,PR,2,2,2
1366,PRODUTO,PR,2,2,2
1367,PRODUTO,PR,2,2,2
1368,PRODUTO,PR,2,2,2
1369,PRODUTO,PR,2,2,2
1370,PRODUTO,PR,2,2,2
1371,PRODUTO,PR,2,2,2
1372,PRODUTO,PR,2,2,2
1373,PRODUTO,PR,2,2,2
1374,PRODUTO,PR,2,2,2
1375,PRODUTO,PR,2,2,2
1376,PRODUTO,PR,2,2,2
1377,PRODUTO,PR,2,2,2
1378,PRODUTO,PR,2,2,2
1379,PRODUTO,PR,2,2,2
1380,PRODUTO,PR,2,2,2
1381,PRODUTO,PR,2,2,2
1382,PRODUTO,PR,2,2,2
1383,PRODUTO,PR,2,2,2
1384,PRODUTO,PR,2,2,2
1385,PRODUTO,PR,2,2,2
1386,PRODUTO,PR,2,2,2
1387,PRODUTO,PR,2,2,2
1388,PRODUTO,PR,2,2,2
1389,PRODUTO,PR,2,2,2
1390,PRODUTO,PR,2,2,2
1391,PRODUTO,PR,2,2,2
1392,PRODUTO,PR,2,2,2
1393,PRODUTO,PR,2,2,2
1394,PRODUTO,PR,2,2,2
1395,PRODUTO,PR,2,2,2
1396,PRODUTO,PR,2,2,2
1397,PRODUTO,PR,2,2,2
1398,PRODUTO,PR,2,2,2
1399,PRODUTO,PR,2,2,2
1400,PRODUTO,PR,2,2,2
1401,PRODUTO,PR,2,2,2
1402,PRODUTO,PR,2,2,2
1403,PRODUTO,PR,2,2,2
1404,PRODUTO,PR,2,2,2
1405,PRODUTO,PR,2,2,2
1406,PRODUTO,PR,2,2,2
1407,PRODUTO,PR,2,2,2
1408,PRODUTO,PR,2,2,2
1409,PRODUTO,PR,2,2,2
1410,PRODUTO,PR,2,2,2
1411,PRODUTO,PR,2,2,2
1412,PRODUTO,PR,2,2,2
1413,PRODUTO,PR,2,2,2
1414,PRODUTO,PR,2,2,2
1415,PRODUTO,PR,2,2,2
1416,PRODUTO,PR,2,2,2
1417,PRODUTO,PR,2,2,2
1418,PRODUTO,PR,2,2,2
1419,PRODUTO,PR,2,2,2
1420,PRODUTO,PR,2,2,2
1421,PRODUTO,PR,2,2,2
1422,PRODUTO,PR,2,2,2
1423,PRODUTO,PR,2,2,2
1424,PRODUTO,PR,2,2,2
1425,PRODUTO,PR,2,2,2
1426,PRODUTO,PR,2,2,2
1427,PRODUTO,PR,2,2,2
1428,PRODUTO,PR,2,2,2
1429,PRODUTO,PR,2,2,2
1430,PRODUTO,PR,2,2,2
1431,PRODUTO,PR,2,2,2
1432,PRODUTO,PR,2,2,2
1433,PRODUTO,PR,2,2,2
1434,PRODUTO,PR,2,2,2
1435,PRODUTO,PR,2,2,2
1436,PRODUTO,PR,2,2,2
1437,PRODUTO,PR,2,2,2
1438,PRODUTO,PR,2,2,2
1439,PRODUTO,PR,2,2,2
1440,PRODUTO,PR,2,2,2
1441,PRODUTO,PR,2,2,2
1442,PRODUTO,PR,2,2,2
1443,PRODUTO,PR,2,2,2
1444,PRODUTO,PR,2,2,2
1445,PRODUTO,PR,2,2,2
1446,PRODUTO,PR,2,2,2
1447,PRODUTO,PR,2,2,2
1448,PRODUTO,PR,2,2,2
1449,PRODUTO,PR,2,2,2
1450,PRODUTO,PR,2,2,2
1451,PRODUTO,PR,2,2,2
1452,PRODUTO,PR,2,2,2
1453,PRODUTO,PR,2,2,2
1454,PRODUTO,PR,2,2,2
1455,PRODUTO,PR,2,2,2
1456,PRODUTO,PR,2,2,2
1457,PRODUTO,PR,2,2,2
1458,PRODUTO,PR,2,2,2
1459,PRODUTO,PR,2,2,2
1460,PRODUTO,PR,2,2,2
1461,PRODUTO,PR,2,2,2
1462,PRODUTO,PR,2,2,2
1463,PRODUTO,PR,2,2,2
1464,PRODUTO,PR,2,2,2
1465,PRODUTO,PR,2,2,2
1466,PRODUTO,PR,2,2,2
1467,PRODUTO,PR,2,2,2
1468,PRODUTO,PR,2,2,2
1469,PRODUTO,PR,2,2,2
1470,PRODUTO,PR,2,2,2
1471,PRODUTO,PR,2,2,2
1472,PRODUTO,PR,2,2,2
1473,PRODUTO,PR,2,2,2
1474,PRODUTO,PR,2,2,2
1475,PRODUTO,PR,2,2,2
1476,PRODUTO,PR,2,2,2
1477,PRODUTO,PR,2,2,2
1478,PRODUTO,UN,1,2,2
1479,PRODUTO,UN,1,2,2
1480,PRODUTO,UN,1,2,2
1481,PRODUTO,UN,1,2,2
1482,PRODUTO,UN,1,2,2
1483,PRODUTO,UN,1,2,2
1484,PRODUTO,UN,1,2,2
1485,PRODUTO,UN,1,2,2
1486,PRODUTO,UN,1,2,2
1487,PRODUTO,UN,1,2,2
1488,PRODUTO,UN,1,2,2
1489,PRODUTO,UN,1,2,2
1490,PRODUTO,UN,1,2,2
1491,PRODUTO,UN,1,2,2
1492,PRODUTO,UN,1,2,2
1493,PRODUTO,UN,1,2,2
1494,PRODUTO,UN,1,2,2
1495,PRODUTO,UN,1,2,2
1496,PRODUTO,UN,1,2,2
1497,PRODUTO,UN,1,2,2
1498,PRODUTO,UN,1,2,2
1499,PRODUTO,UN,1,2,2
1500,PRODUTO,UN,1,2,2
1501,PRODUTO,UN,1,2,2
1502,PRODUTO,UN,1,2,2
1503,PRODUTO,UN,1,2,2
1504,PRODUTO,UN,1,2,2
1505,PRODUTO,UN,1,2,2
1506,PRODUTO,UN,1,2,2
1507,PRODUTO,UN,1,2,2
1508,PRODUTO,UN,1,2,2
1509,PRODUTO,UN,1,2,2
1510,PRODUTO,UN,1,2,2
1511,PRODUTO,UN,1,2,2
1512,PRODUTO,UN,1,2,2
1513,PRODUTO,UN,1,2,2
1514,PRODUTO,UN,1,2,2
1515,PRODUTO,UN,1,2,2
1516,PRODUTO,UN,1,2,2
1517,PRODUTO,UN,1,2,2
1518,PRODUTO,UN,1,2,2
1519,PRODUTO,UN,1,2,2
1520,PRODUTO,UN,1,2,2
1521,PRODUTO,UN,1,2,2
1522,PRODUTO,UN,1,2,2
1523,PRODUTO,UN,1,2,2
1524,PRODUTO,UN,1,2,2
1525,PRODUTO,UN,1,2,2
1526,PRODUTO,UN,1,2,2
1527,PRODUTO,UN,1,2,2
1528,PRODUTO,UN,1,2,2
1529,PRODUTO,UN,1,2,2
1530,PRODUTO,UN,1,2,2
1531,PRODUTO,UN,1,2,2
1532,PRODUTO,UN,1,2,2
1533,PRODUTO,UN,1,2,2
1534,PRODUTO,UN,1,2,2
1535,PRODUTO,UN,1,2,2
1536,PRODUTO,UN,1,2,2
1537,PRODUTO,UN,1,2,2
1538,PRODUTO,UN,1,2,2
1539,PRODUTO,UN,1,2,2
1540,PRODUTO,UN,1,2,2
1541,PRODUTO,UN,1,2,2
1542,PRODUTO,UN,1,2,2
1543,PRODUTO,UN,1,2,2
1544,PRODUTO,UN,1,2,2
1545,PRODUTO,UN,1,2,2
1546,PRODUTO,UN,1,2,2
1547,PRODUTO,UN,1,2,2
1548,PRODUTO,UN,1,2,2
1549,PRODUTO,UN,1,2,2
1550,PRODUTO,UN,1,2,2
1551,PRODUTO,UN,1,2,2
1552,PRODUTO,UN,1,2,2
1553,PRODUTO,UN,1,2,2
1554,PRODUTO,UN,1,2,2
1555,PRODUTO,UN,1,2,2
1556,PRODUTO,UN,1,2,2
1557,PRODUTO,UN,1,2,2
1558,PRODUTO,UN,1,2,2
1559,PRODUTO,UN,1,2,2
1560,PRODUTO,UN,1,2,2
1561,PRODUTO,UN,1,2,2
1562,PRODUTO,UN,1,2,2
1563,PRODUTO,UN,1,2,2
1564,PRODUTO,UN,1,2,2
1565,PRODUTO,UN,1,2,2
1566,PRODUTO,UN,1,2,2
1567,PRODUTO,UN,1,2,2
1568,PRODUTO,UN,1,2,2
1569,PRODUTO,UN,1,2,2
1570,PRODUTO,UN,1,2,2
1571,PRODUTO,UN,1,2,2
1572,PRODUTO,UN,1,2,2
1573,PRODUTO,UN,1,2,2
1574,PRODUTO,UN,1,2,2
1575,PRODUTO,UN,1,2,2
1576,PRODUTO,UN,1,2,2
1577,PRODUTO,UN,1,2,2
1578,PRODUTO,UN,1,2,2
1579,PRODUTO,UN,1,2,2
1580,PRODUTO,UN,1,2,2
1581,PRODUTO,UN,1,2,2
1582,PRODUTO,UN,1,2,2
1583,PRODUTO,UN,1,2,2
1584,PRODUTO,UN,1,2,2
1585,PRODUTO,UN,1,2,2
1586,PRODUTO,UN,1,2,2
1587,PRODUTO,UN,1,2,2
1588,PRODUTO,UN,1,2,2
1589,PRODUTO,UN,1,2,2
1590,PRODUTO,UN,1,2,2
1591,PRODUTO,UN,1,2,2
1592,PRODUTO,UN,1,2,2
1593,PRODUTO,UN,1,2,2
1594,PRODUTO,UN,1,2,2
1595,PRODUTO,UN,1,2,2
1596,PRODUTO,UN,1,2,2
1597,PRODUTO,UN,1,2,2
1598,PRODUTO,UN,1,2,2
1599,PRODUTO,UN,1,2,2
1600,PRODUTO,UN,1,2,2
1601,PRODUTO,UN,1,2,2
1602,PRODUTO,UN,1,2,2
1603,PRODUTO,UN,1,2,2
1604,PRODUTO,UN,1,2,2
1605,PRODUTO,UN,1,2,2
1606,PRODUTO,UN,1,2,2
1607,PRODUTO,UN,1,2,2
1608,PRODUTO,UN,1,2,2
1609,PRODUTO,UN,1,2,2
1610,PRODUTO,UN,1,2,2
1611,PRODUTO,UN,1,2,2
1612,PRODUTO,UN,1,2,2
1613,PRODUTO,UN,1,2,2
1614,PRODUTO,UN,1,2,2
1615,PRODUTO,UN,1,2,2
1616,PRODUTO,UN,1,2,2
1617,PRODUTO,UN,1,2,2
1618,PRODUTO,UN,1,2,2
1619,PRODUTO,UN,1,2,2
1620,PRODUTO,UN,1,2,2
1621,PRODUTO,UN,1,2,2
1622,PRODUTO,UN,1,2,2
1623,PRODUTO,UN,1,2,2
1624,PRODUTO,UN,1,2,2
1625,PRODUTO,UN,1,2,2
1626,PRODUTO,UN,1,2,2
1627,PRODUTO,UN,1,2,2
1628,PRODUTO,UN,1,2,2
1629,PRODUTO,UN,1,2,2
1630,PRODUTO,UN,1,2,2
1631,PRODUTO,UN,1,2,2
1632,PRODUTO,UN,1,2,2
1633,PRODUTO,UN,1,2,2
1634,PRODUTO,UN,1,2,2
1635,PRODUTO,UN,1,2,2
1636,PRODUTO,UN,1,2,2
1637,PRODUTO,UN,1,2,2
1638,PRODUTO,UN,1,2,2
1639,PRODUTO,UN,1,2,2
1640,PRODUTO,UN,1,2,2
1641,PRODUTO,UN,1,2,2
1642,PRODUTO,UN,1,2,2
1643,PRODUTO,UN,1,2,2
1644,PRODUTO,UN,1,2,2
1645,PRODUTO,UN,1,2,2
1646,PRODUTO,UN,1,2,2
1647,PRODUTO,UN,1,2,2
1648,PRODUTO,UN,1,2,2
1649,PRODUTO,UN,1,2,2
1650,PRODUTO,UN,1,2,2
1651,PRODUTO,UN,1,2,2
1652,PRODUTO,UN,1,2,2
1653,PRODUTO,UN,1,2,2
1654,PRODUTO,UN,1,2,2
1655,PRODUTO,UN,1,2,2
1656,PRODUTO,UN,1,2,2
1657,PRODUTO,UN,1,2,2
1658,PRODUTO,UN,1,2,2
1659,PRODUTO,UN,1,2,2
1660,PRODUTO,UN,1,2,2
1661,PRODUTO,UN,1,2,2
1662,PRODUTO,UN,1,2,2
1663,PRODUTO,UN,1,2,2
1664,PRODUTO,UN,1,2,2
1665,PRODUTO,UN,1,2,2
1666,PRODUTO,UN,1,2,2
1667,PRODUTO,UN,1,2,2
1668,PRODUTO,UN,1,2,2
1669,PRODUTO,UN,1,2,2
1670,PRODUTO,UN,1,2,2
1671,PRODUTO,UN,1,2,2
1672,PRODUTO,UN,1,2,2
1673,PRODUTO,UN,1,2,2
1674,PRODUTO,UN,1,2,2
1675,PRODUTO,UN,1,2,2
1676,PRODUTO,UN,1,2,2
1677,PRODUTO,UN,1,2,2
1678,PRODUTO,UN,1,2,2
1679,PRODUTO,UN,1,2,2
1680,PRODUTO,UN,1,2,2
1681,PRODUTO,UN,1,2,2
1682,PRODUTO,UN,1,2,2
1683,PRODUTO,UN,1,2,2
1684,PRODUTO,UN,1,2,2
1685,PRODUTO,UN,1,2,2
1686,PRODUTO,UN,1,2,2
1687,PRODUTO,UN,1,2,2
1688,PRODUTO,UN,1,2,2
1689,PRODUTO,UN,1,2,2
1690,PRODUTO,UN,1,2,2
1691,PRODUTO,UN,1,2,2
1692,PRODUTO,UN,1,2,2
1693,PRODUTO,UN,1,2,2
1694,PRODUTO,UN,1,2,2
1695,PRODUTO,UN,1,2,2
1696,PRODUTO,UN,1,2,2
1697,PRODUTO,UN,1,2,2
1698,PRODUTO,UN,1,2,2
1699,PRODUTO,UN,1,2,2
1700,PRODUTO,UN,1,2,2
1701,PRODUTO,UN,1,2,2
1702,PRODUTO,UN,1,2,2
1703,PRODUTO,UN,1,2,2
1704,PRODUTO,UN,1,2,2
1705,PRODUTO,UN,1,2,2
1706,PRODUTO,UN,1,2,2
1707,PRODUTO,UN,1,2,2
1708,PRODUTO,UN,1,2,2
1709,PRODUTO,UN,1,2,2
1710,PRODUTO,UN,1,2,2
1711,PRODUTO,UN,1,2,2
1712,PRODUTO,UN,1,2,2
1713,PRODUTO,UN,1,2,2
1714,PRODUTO,UN,1,2,2
1715,PRODUTO,UN,1,2,2
1716,PRODUTO,UN,1,2,2
1717,PRODUTO,UN,1,2,2
1718,PRODUTO,UN,1,2,2
1719,PRODUTO,UN,1,2,2
1720,PRODUTO,UN,1,2,2
1721,PRODUTO,UN,1,2,2
1722,PRODUTO,UN,1,2,2
1723,PRODUTO,UN,1,2,2
1724,PRODUTO,UN,1,2,2
1725,PRODUTO,UN,1,2,2
1726,PRODUTO,UN,1,2,2
1727,PRODUTO,UN,1,2,2
1728,PRODUTO,UN,1,2,2
1729,PRODUTO,UN,1,2,2
1730,PRODUTO,UN,1,2,2
1731,PRODUTO,UN,1,2,2
1732,PRODUTO,UN,1,2,2
1733,PRODUTO,UN,1,2,2
1734,PRODUTO,UN,1,2,2
1735,PRODUTO,UN,1,2,2
1736,PRODUTO,UN,1,2,2
1737,PRODUTO,UN,1,2,2
1738,PRODUTO,UN,1,2,2
1739,PRODUTO,UN,1,2,2
1740,PRODUTO,UN,1,2,2
1741,PRODUTO,UN,1,2,2
1742,PRODUTO,UN,1,2,2
1743,PRODUTO,UN,1,2,2
1744,PRODUTO,UN,1,2,2
1745,PRODUTO,UN,1,2,2
1746,PRODUTO,UN,1,2,2
1747,PRODUTO,UN,1,2,2
1748,PRODUTO,UN,1,2,2
1749,PRODUTO,UN,1,2,2
1750,PRODUTO,UN,1,2,2
1751,PRODUTO,UN,1,2,2
1752,PRODUTO,UN,1,2,2
1753,PRODUTO,UN,1,2,2
1754,PRODUTO,UN,1,2,2
1755,PRODUTO,UN,1,2,2
1756,PRODUTO,UN,1,2,2
1757,PRODUTO,UN,1,2,2
1758,PRODUTO,UN,1,2,2
1759,PRODUTO,UN,1,2,2
1760,PRODUTO,UN,1,2,2
1761,PRODUTO,UN,1,2,2
1762,PRODUTO,UN,1,2,2
1763,PRODUTO,UN,1,2,2
1764,PRODUTO,UN,1,2,2
1765,PRODUTO,UN,1,2,2
1766,PRODUTO,UN,1,2,2
1767,PRODUTO,UN,1,2,2
1768,PRODUTO,UN,1,2,2
1769,PRODUTO,UN,1,2,2
1770,PRODUTO,UN,1,2,2
1771,PRODUTO,UN,1,2,2
1772,PRODUTO,UN,1,2,2
1773,PRODUTO,UN,1,2,2
1774,PRODUTO,UN,1,2,2
1775,PRODUTO,UN,1,2,2
1776,PRODUTO,UN,1,2,2
1777,PRODUTO,UN,1,2,2
1778,PRODUTO,UN,1,2,2
1779,PRODUTO,UN,1,2,2
1780,PRODUTO,UN,1,2,2
1781,PRODUTO,UN,1,2,2
1782,PRODUTO,UN,1,2,2
1783,PRODUTO,UN,1,2,2
1784,PRODUTO,UN,1,2,2
1785,PRODUTO,UN,1,2,2
1786,PRODUTO,UN,1,2,2
1787,PRODUTO,UN,1,2,2
1788,PRODUTO,UN,1,2,2
1789,PRODUTO,UN,1,2,2
1790,PRODUTO,UN,1,2,2
1791,PRODUTO,UN,1,2,2
1792,PRODUTO,UN,1,2,2
1793,PRODUTO,UN,1,2,2
1794,PRODUTO,UN,1,2,2
1795,PRODUTO,UN,1,2,2
1796,PRODUTO,UN,1,2,2
1797,PRODUTO,UN,1,2,2
1798,PRODUTO,UN,1,2,2
1799,PRODUTO,UN,1,2,2
1800,PRODUTO,UN,1,2,2
1801,PRODUTO,UN,1,2,2
1802,PRODUTO,UN,1,2,2
1803,PRODUTO,UN,1,2,2
1804,PRODUTO,UN,1,2,2
1805,PRODUTO,UN,1,2,2
1806,PRODUTO,UN,1,2,2
1807,PRODUTO,UN,1,2,2
1808,PRODUTO,UN,1,2,2
1809,PRODUTO,UN,1,2,2
1810,PRODUTO,UN,1,2,2
1811,PRODUTO,UN,1,2,2
1812,PRODUTO,UN,1,2,2
1813,PRODUTO,UN,1,2,2
1814,PRODUTO,UN,1,2,2
1815,PRODUTO,UN,1,2,2
1816,PRODUTO,UN,1,2,2
1817,PRODUTO,UN,1,2,2
1818,PRODUTO,UN,1,2,2
1819,PRODUTO,UN,1,2,2
1820,PRODUTO,UN,1,2,2
1821,PRODUTO,UN,1,2,2
1822,PRODUTO,UN,1,2,2
1823,PRODUTO,UN,1,2,2
1824,PRODUTO,UN,1,2,2
1825,PRODUTO,UN,1,2,2
1826,PRODUTO,UN,1,2,2
1827,PRODUTO,UN,1,2,2
1828,PRODUTO,UN,1,2,2
1829,PRODUTO,UN,1,2,2
1830,PRODUTO,UN,1,2,2
1831,PRODUTO,UN,1,2,2
1832,PRODUTO,UN,1,2,2
1833,PRODUTO,UN,1,2,2
1834,PRODUTO,UN,1,2,2
1835,PRODUTO,UN,1,2,2
1836,PRODUTO,UN,1,2,2
1837,PRODUTO,UN,1,2,2
1838,PRODUTO,UN,1,2,2
1839,PRODUTO,UN,1,2,2
1840,PRODUTO,UN,1,2,2
1841,PRODUTO,UN,1,2,2
1842,PRODUTO,UN,1,2,2
1843,PRODUTO,UN,1,2,2
1844,PRODUTO,UN,1,2,2
1845,PRODUTO,UN,1,2,2
1846,PRODUTO,UN,1,2,2
1847,PRODUTO,UN,1,2,2
1848,PRODUTO,UN,1,2,2
1849,PRODUTO,UN,1,2,2
1850,PRODUTO,UN,1,2,2
1851,PRODUTO,UN,1,2,2
1852,PRODUTO,UN,1,2,2
1853,PRODUTO,UN,1,2,2
1854,PRODUTO,UN,1,2,2
1855,PRODUTO,UN,1,2,2
1856,PRODUTO,UN,1,2,2
1857,PRODUTO,UN,1,2,2
1858,PRODUTO,UN,1,2,2
1859,PRODUTO,UN,1,2,2
1860,PRODUTO,UN,1,2,2
1861,PRODUTO,UN,1,2,2
1862,PRODUTO,UN,1,2,2
1863,PRODUTO,UN,1,2,2
1864,PRODUTO,UN,1,2,2
1865,PRODUTO,UN,1,2,2
1866,PRODUTO,UN,1,2,2
1867,PRODUTO,UN,1,2,2
1868,PRODUTO,UN,1,2,2
1869,PRODUTO,UN,1,2,2
1870,PRODUTO,UN,1,2,2
1871,PRODUTO,UN,1,2,2
1872,PRODUTO,UN,1,2,2
1873,PRODUTO,UN,1,2,2
1874,PRODUTO,UN,1,2,2
1875,PRODUTO,UN,1,2,2
1876,PRODUTO,UN,1,2,2
1877,PRODUTO,UN,1,2,2
1878,PRODUTO,UN,1,2,2
1879,PRODUTO,UN,1,2,2
1880,PRODUTO,UN,1,2,2
1881,PRODUTO,UN,1,2,2
1882,PRODUTO,UN,1,2,2
1883,PRODUTO,UN,1,2,2
1884,PRODUTO,UN,1,2,2
1885,PRODUTO,UN,1,2,2
1886,PRODUTO,UN,1,2,2
1887,PRODUTO,UN,1,2,2
1888,PRODUTO,UN,1,2,2
1889,PRODUTO,UN,1,2,2
1890,PRODUTO,UN,1,2,2
1891,PRODUTO,UN,1,2,2
1892,PRODUTO,UN,1,2,2
1893,PRODUTO,UN,1,2,2
1894,PRODUTO,UN,1,2,2
1895,PRODUTO,UN,1,2,2
1896,PRODUTO,UN,1,2,2
1897,PRODUTO,UN,1,2,2
1898,PRODUTO,UN,1,2,2
1899,PRODUTO,UN,1,2,2
1900,PRODUTO,UN,1,2,2
1901,PRODUTO,UN,1,2,2
1902,PRODUTO,UN,1,2,2
1903,PRODUTO,UN,1,2,2
1904,PRODUTO,UN,1,2,2
1905,PRODUTO,UN,1,2,2
1906,PRODUTO,UN,1,2,2
1907,PRODUTO,UN,1,2,2
1908,PRODUTO,UN,1,2,2
1909,PRODUTO,UN,1,2,2
1910,PRODUTO,UN,1,2,2
1911,PRODUTO,UN,1,2,2
1912,PRODUTO,UN,1,2,2
1913,PRODUTO,UN,1,2,2
1914,PRODUTO,UN,1,2,2
1915,PRODUTO,UN,1,2,2
1916,PRODUTO,UN,1,2,2
1917,PRODUTO,UN,1,2,2
1918,PRODUTO,UN,1,2,2
1919,PRODUTO,UN,1,2,2
1920,PRODUTO,UN,1,2,2
1921,PRODUTO,UN,1,2,2
1922,PRODUTO,UN,1,2,2
1923,PRODUTO,UN,1,2,2
1924,PRODUTO,UN,1,2,2
1925,PRODUTO,UN,1,2,2
1926,PRODUTO,UN,1,2,2
1927,PRODUTO,UN,1,2,2
1928,PRODUTO,UN,1,2,2
1929,PRODUTO,UN,1,2,2
1930,PRODUTO,UN,1,2,2
1931,PRODUTO,UN,1,2,2
1932,PRODUTO,UN,1,2,2
1933,PRODUTO,UN,1,2,2
1934,PRODUTO,UN,1,2,2
1935,PRODUTO,UN,1,2,2
1936,PRODUTO,UN,1,2,2
1937,PRODUTO,UN,1,2,2
1938,PRODUTO,UN,1,2,2
1939,PRODUTO,UN,1,2,2
1940,PRODUTO,UN,1,2,2
1941,PRODUTO,UN,1,2,2
1942,PRODUTO,UN,1,2,2
1943,PRODUTO,UN,1,2,2
1944,PRODUTO,UN,1,2,2
1945,PRODUTO,UN,1,2,2
1946,PRODUTO,UN,1,2,2
1947,PRODUTO,UN,1,2,2
1948,PRODUTO,UN,1,2,2
1949,PRODUTO,UN,1,2,2
1950,PRODUTO,UN,1,2,2
1951,PRODUTO,UN,1,2,2
1952,PRODUTO,UN,1,2,2
1953,PRODUTO,UN,1,2,2
1954,PRODUTO,UN,1,2,2
1955,PRODUTO,UN,1,2,2
1956,PRODUTO,UN,1,2,2
1957,PRODUTO,UN,1,2,2
1958,PRODUTO,UN,1,2,2
1959,PRODUTO,UN,1,2,2
1960,PRODUTO,UN,1,2,2
1961,PRODUTO,UN,1,2,2
1962,PRODUTO,UN,1,2,2
1963,PRODUTO,UN,1,2,2
1964,PRODUTO,UN,1,2,2
1965,PRODUTO,UN,1,2,2
1966,PRODUTO,UN,1,2,2
1967,PRODUTO,UN,1,2,2
1968,PRODUTO,UN,1,2,2
1969,PRODUTO,UN,1,2,2
1970,PRODUTO,UN,1,2,2
1971,PRODUTO,UN,1,2,2
1972,PRODUTO,UN,1,2,2
1973,PRODUTO,UN,1,2,2
1974,PRODUTO,UN,1,2,2
1975,PRODUTO,UN,1,2,2
1976,PRODUTO,UN,1,2,2
1977,PRODUTO,UN,1,2,2
1978,PRODUTO,UN,1,2,2
1979,PRODUTO,UN,1,2,2
1980,PRODUTO,UN,1,2,2
1981,PRODUTO,UN,1,2,2
1982,PRODUTO,UN,1,2,2
1983,PRODUTO,UN,1,2,2
1984,PRODUTO,UN,1,2,2
1985,PRODUTO,UN,1,2,2
1986,PRODUTO,UN,1,2,2
1987,PRODUTO,UN,1,2,2
1988,PRODUTO,UN,1,2,2
1989,PRODUTO,UN,1,2,2
1990,PRODUTO,UN,1,2,2
1991,PRODUTO,UN,1,2,2
1992,PRODUTO,UN,1,2,2
1993,PRODUTO,UN,1,2,2
1994,PRODUTO,UN,1,2,2
1995,PRODUTO,UN,1,2,2
1996,PRODUTO,UN,1,2,2
1997,PRODUTO,UN,1,2,2
1998,PRODUTO,UN,1,2,2
1999,PRODUTO,UN,1,2,2
2000,PRODUTO,UN,1,2,2
2001,PRODUTO,UN,1,2,2
2002,PRODUTO,UN,1,2,2
2003,PRODUTO,UN,1,2,2
2004,PRODUTO,UN,1,2,2
2005,PRODUTO,UN,1,2,2
2006,PRODUTO,UN,1,2,2
2007,PRODUTO,UN,1,2,2
2008,PRODUTO,UN,1,2,2
2009,PRODUTO,UN,1,2,2
2010,PRODUTO,UN,1,2,2
2011,PRODUTO,UN,1,2,2
2012,PRODUTO,UN,1,2,2
2013,PRODUTO,UN,1,2,2
2014,PRODUTO,UN,1,2,2
2015,PRODUTO,UN,1,2,2
2016,PRODUTO,UN,1,2,2
2017,PRODUTO,UN,1,2,2
2018,PRODUTO,UN,1,2,2
2019,PRODUTO,UN,1,2,2
2020,PRODUTO,UN,1,2,2
2021,PRODUTO,UN,1,2,2
2022,PRODUTO,UN,1,2,2
2023,PRODUTO,UN,1,2,2
2024,PRODUTO,UN,1,2,2
2025,PRODUTO,UN,1,2,2
2026,PRODUTO,UN,1,2,2
2027,PRODUTO,UN,1,2,2
2028,PRODUTO,UN,1,2,2
2029,PRODUTO,UN,1,2,2
2030,PRODUTO,UN,1,2,2
2031,PRODUTO,UN,1,2,2
2032,PRODUTO,UN,1,2,2
2033,PRODUTO,UN,1,2,2
2034,PRODUTO,UN,1,2,2
2035,PRODUTO,UN,1,2,2
2036,PRODUTO,UN,1,2,2
2037,PRODUTO,UN,1,2,2
2038,PRODUTO,UN,1,2,2
2039,PRODUTO,UN,1,2,2
2040,PRODUTO,UN,1,2,2
2041,PRODUTO,UN,1,2,2
2042,PRODUTO,UN,1,2,2
2043,PRODUTO,UN,1,2,2
2044,PRODUTO,UN,1,2,2
2045,PRODUTO,UN,1,2,2
2046,PRODUTO,UN,1,2,2
2047,PRODUTO,UN,1,2,2
2048,PRODUTO,UN,1,2,2
2049,PRODUTO,UN,1,2,2
2050,PRODUTO,UN,1,2,2
2051,PRODUTO,UN,1,2,2
2052,PRODUTO,UN,1,2,2
2053,PRODUTO,UN,1,2,2
2054,PRODUTO,UN,1,2,2
2055,PRODUTO,UN,1,2,2
2056,PRODUTO,UN,1,2,2
2057,PRODUTO,UN,1,2,2
2058,PRODUTO,UN,1,2,2
2059,PRODUTO,UN,1,2,2
2060,PRODUTO,UN,1,2,2
2061,PRODUTO,UN,1,2,2
2062,PRODUTO,UN,1,2,2
2063,PRODUTO,UN,1,2,2
2064,PRODUTO,UN,1,2,2
2065,PRODUTO,UN,1,2,2
2066,PRODUTO,UN,1,2,2
2067,PRODUTO,UN,1,2,2
2068,PRODUTO,UN,1,2,2
2069,PRODUTO,UN,1,2,2
2070,PRODUTO,UN,1,2,2
2071,PRODUTO,UN,1,2,2
2072,PRODUTO,UN,1,2,2
2073,PRODUTO,UN,1,2,2
2074,PRODUTO,UN,1,2,2
2075,PRODUTO,UN,1,2,2
2076,PRODUTO,UN,1,2,2
2077,PRODUTO,UN,1,2,2
2078,PRODUTO,UN,1,2,2
2079,PRODUTO,UN,1,2,2
2080,PRODUTO,UN,1,2,2
2081,PRODUTO,UN,1,2,2
2082,PRODUTO,UN,1,2,2
2083,PRODUTO,UN,1,2,2
2084,PRODUTO,UN,1,2,2
2085,PRODUTO,UN,1,2,2
2086,PRODUTO,UN,1,2,2
2087,PRODUTO,UN,1,2,2
2088,PRODUTO,UN,1,2,2
2089,PRODUTO,UN,1,2,2
2090,PRODUTO,UN,1,2,2
2091,PRODUTO,UN,1,2,2
2092,PRODUTO,UN,1,2,2
2093,PRODUTO,UN,1,2,2
2094,PRODUTO,UN,1,2,2
2095,PRODUTO,UN,1,2,2
2096,PRODUTO,UN,1,2,2
2097,PRODUTO,UN,1,2,2
2098,PRODUTO,UN,1,2,2
2099,PRODUTO,UN,1,2,2
2100,PRODUTO,UN,1,2,2
2101,PRODUTO,UN,1,2,2
2102,PRODUTO,UN,1,2,2
2103,PRODUTO,UN,1,2,2
2104,PRODUTO,UN,1,2,2
2105,PRODUTO,UN,1,2,2
2106,PRODUTO,UN,1,2,2
2107,PRODUTO,UN,1,2,2
2108,PRODUTO,UN,1,2,2
2109,PRODUTO,UN,1,2,2
2110,PRODUTO,UN,1,2,2
2111,PRODUTO,UN,1,2,2
2112,PRODUTO,UN,1,2,2
2113,PRODUTO,UN,1,2,2
2114,PRODUTO,UN,1,2,2
2115,PRODUTO,UN,1,2,2
2116,PRODUTO,UN,1,2,2
2117,PRODUTO,UN,1,2,2
2118,PRODUTO,UN,1,2,2
2119,PRODUTO,UN,1,2,2
2120,PRODUTO,UN,1,2,2
2121,PRODUTO,UN,1,2,2
2122,PRODUTO,UN,1,2,2
2123,PRODUTO,UN,1,2,2
2124,PRODUTO,UN,1,2,2
2125,PRODUTO,UN,1,2,2
2126,PRODUTO,UN,1,2,2
2127,PRODUTO,UN,1,2,2
2128,PRODUTO,UN,1,2,2
2129,PRODUTO,UN,1,2,2
2130,PRODUTO,UN,1,2,2
2131,PRODUTO,UN,1,2,2
2132,PRODUTO,UN,1,2,2
2133,PRODUTO,UN,1,2,2
2134,PRODUTO,UN,1,2,2
2135,PRODUTO,UN,1,2,2
2136,PRODUTO,UN,1,2,2
2137,PRODUTO,UN,1,2,2
2138,PRODUTO,UN,1,2,2
2139,PRODUTO,UN,1,2,2
2140,PRODUTO,UN,1,2,2
2141,PRODUTO,UN,1,2,2
2142,PRODUTO,UN,1,2,2
2143,PRODUTO,UN,1,2,2
2144,PRODUTO,UN,1,2,2
2145,PRODUTO,UN,1,2,2
2146,PRODUTO,UN,1,2,2
2147,PRODUTO,UN,1,2,2
2148,PRODUTO,UN,1,2,2
2149,PRODUTO,UN,1,2,2
2150,PRODUTO,UN,1,2,2
2151,PRODUTO,UN,1,2,2
2152,PRODUTO,UN,1,2,2
2153,PRODUTO,UN,1,2,2
2154,PRODUTO,UN,1,2,2
2155,PRODUTO,UN,1,2,2
2156,PRODUTO,UN,1,2,2
2157,PRODUTO,UN,1,2,2
2158,PRODUTO,UN,1,2,2
2159,PRODUTO,UN,1,2,2
2160,PRODUTO,UN,1,2,2
2161,PRODUTO,UN,1,2,2
2162,PRODUTO,UN,1,2,2
2163,PRODUTO,UN,1,2,2
2164,PRODUTO,UN,1,2,2
2165,PRODUTO,UN,1,2,2
2166,PRODUTO,UN,1,2,2
2167,PRODUTO,UN,1,2,2
2168,PRODUTO,UN,1,2,2
2169,PRODUTO,UN,1,2,2
2170,PRODUTO,UN,1,2,2
2171,PRODUTO,UN,1,2,2
2172,PRODUTO,UN,1,2,2
2173,PRODUTO,UN,1,2,2
2174,PRODUTO,UN,1,2,2
2175,PRODUTO,UN,1,2,2
2176,PRODUTO,UN,1,2,2
2177,PRODUTO,UN,1,2,2
2178,PRODUTO,UN,1,2,2
2179,PRODUTO,UN,1,2,2
2180,PRODUTO,UN,1,2,2
2181,PRODUTO,UN,1,2,2
2182,PRODUTO,UN,1,2,2
2183,PRODUTO,UN,1,2,2
2184,PRODUTO,UN,1,2,2
2185,PRODUTO,UN,1,2,2
2186,PRODUTO,UN,1,2,2
2187,PRODUTO,UN,1,2,2
2188,PRODUTO,UN,1,2,2
2189,PRODUTO,UN,1,2,2
2190,PRODUTO,UN,1,2,2
2191,PRODUTO,UN,1,2,2
2192,PRODUTO,UN,1,2,2
2193,PRODUTO,UN,1,2,2
2194,PRODUTO,UN,1,2,2
2195,PRODUTO,UN,1,2,2
2196,PRODUTO,UN,1,2,2
2197,PRODUTO,UN,1,2,2
2198,PRODUTO,UN,1,2,2
2199,PRODUTO,UN,1,2,2
2200,PRODUTO,UN,1,2,2
2201,PRODUTO,UN,1,2,2
2202,PRODUTO,UN,1,2,2
2203,PRODUTO,UN,1,2,2
2204,PRODUTO,UN,1,2,2
2205,PRODUTO,UN,1,2,2
2206,PRODUTO,UN,1,2,2
2207,PRODUTO,UN,1,2,2
2208,PRODUTO,UN,1,2,2
2209,PRODUTO,UN,1,2,2
2210,PRODUTO,UN,1,2,2
2211,PRODUTO,UN,1,2,2
2212,PRODUTO,UN,1,2,2
2213,PRODUTO,UN,1,2,2
2214,PRODUTO,UN,1,2,2
2215,PRODUTO,UN,1,2,2
2216,PRODUTO,UN,1,2,2
2217,PRODUTO,UN,1,2,2
2218,PRODUTO,UN,1,2,2
2219,PRODUTO,UN,1,2,2
2220,PRODUTO,UN,1,2,2
2221,PRODUTO,UN,1,2,2
2222,PRODUTO,UN,1,2,2
2223,PRODUTO,UN,1,2,2
2224,PRODUTO,UN,1,2,2
2225,PRODUTO,UN,1,2,2
2226,PRODUTO,UN,1,2,2
2227,PRODUTO,UN,1,2,2
2228,PRODUTO,UN,1,2,2
2229,PRODUTO,UN,1,2,2
2230,PRODUTO,UN,1,2,2
2231,PRODUTO,UN,1,2,2
2232,PRODUTO,UN,1,2,2
2233,PRODUTO,UN,1,2,2
2234,PRODUTO,UN,1,2,2
2235,PRODUTO,UN,1,2,2
2236,PRODUTO,UN,1,2,2
2237,PRODUTO,UN,1,2,2
2238,PRODUTO,UN,1,2,2
2239,PRODUTO,UN,1,2,2
2240,PRODUTO,UN,1,2,2
2241,PRODUTO,UN,1,2,2
2242,PRODUTO,UN,1,2,2
2243,PRODUTO,UN,1,2,2
2244,PRODUTO,UN,1,2,2
2245,PRODUTO,UN,1,2,2
2246,PRODUTO,UN,1,2,2
2247,PRODUTO,UN,1,2,2
2248,PRODUTO,UN,1,2,2
2249,PRODUTO,UN,1,2,2
2250,PRODUTO,UN,1,2,2
2251,PRODUTO,UN,1,2,2
2252,PRODUTO,UN,1,2,2
2253,PRODUTO,UN,1,2,2
2254,PRODUTO,UN,1,2,2
2255,PRODUTO,UN,1,2,2
2256,PRODUTO,UN,1,2,2
2257,PRODUTO,UN,1,2,2
2258,PRODUTO,UN,1,2,2
2259,PRODUTO,UN,1,2,2
2260,PRODUTO,UN,1,2,2
2261,PRODUTO,UN,1,2,2
2262,PRODUTO,UN,1,2,2
2263,PRODUTO,UN,1,2,2
2264,PRODUTO,UN,1,2,2
2265,PRODUTO,UN,1,2,2
2266,PRODUTO,UN,1,2,2
2267,PRODUTO,UN,1,2,2
2268,PRODUTO,UN,1,2,2
2269,PRODUTO,UN,1,2,2
2270,PRODUTO,UN,1,2,2
2271,PRODUTO,UN,1,2,2
2272,PRODUTO,UN,1,2,2
2273,PRODUTO,UN,1,2,2
2274,PRODUTO,UN,1,2,2
2275,PRODUTO,UN,1,2,2
2276,PRODUTO,UN,1,2,2
2277,PRODUTO,UN,1,2,2
2278,PRODUTO,UN,1,2,2
2279,PRODUTO,UN,1,2,2
2280,PRODUTO,UN,1,2,2
2281,PRODUTO,UN,1,2,2
2282,PRODUTO,UN,1,2,2
2283,PRODUTO,UN,1,2,2
2284,PRODUTO,UN,1,2,2
2285,PRODUTO,UN,1,2,2
2286,PRODUTO,UN,1,2,2
2287,PRODUTO,UN,1,2,2
2288,PRODUTO,UN,1,2,2
2289,PRODUTO,UN,1,2,2
2290,PRODUTO,UN,1,2,2
2291,PRODUTO,UN,1,2,2
2292,PRODUTO,UN,1,2,2
2293,PRODUTO,UN,1,2,2
2294,PRODUTO,UN,1,2,2
2295,PRODUTO,UN,1,2,2
2296,PRODUTO,UN,1,2,2
2297,PRODUTO,UN,1,2,2
2298,PRODUTO,UN,1,2,2
2299,PRODUTO,UN,1,2,2
2300,PRODUTO,UN,1,2,2
2301,PRODUTO,UN,1,2,2
2302,PRODUTO,UN,1,2,2
2303,PRODUTO,UN,1,2,2
2304,PRODUTO,UN,1,2,2
2305,PRODUTO,UN,1,2,2
2306,PRODUTO,UN,1,2,2
2307,PRODUTO,UN,1,2,2
2308,PRODUTO,UN,1,2,2
2309,PRODUTO,UN,1,2,2
2310,PRODUTO,UN,1,2,2
2311,PRODUTO,UN,1,2,2
2312,PRODUTO,UN,1,2,2
2313,PRODUTO,UN,1,2,2
2314,PRODUTO,UN,1,2,2
2315,PRODUTO,UN,1,2,2
2316,PRODUTO,UN,1,2,2
2317,PRODUTO,UN,1,2,2
2318,PRODUTO,UN,1,2,2
2319,PRODUTO,UN,1,2,2
2320,PRODUTO,UN,1,2,2
2321,PRODUTO,UN,1,2,2
2322,PRODUTO,UN,1,2,2
2323,PRODUTO,UN,1,2,2
2324,PRODUTO,UN,1,2,2
2325,PRODUTO,UN,1,2,2
2326,PRODUTO,UN,1,2,2
2327,PRODUTO,UN,1,2,2
2328,PRODUTO,UN,1,2,2
2329,PRODUTO,UN,1,2,2
2330,PRODUTO,UN,1,2,2
2331,PRODUTO,UN,1,2,2
2332,PRODUTO,UN,1,2,2
2333,PRODUTO,UN,1,2,2
2334,PRODUTO,UN,1,2,2
2335,PRODUTO,UN,1,2,2
2336,PRODUTO,UN,1,2,2
2337,PRODUTO,UN,1,2,2
2338,PRODUTO,UN,1,2,2
2339,PRODUTO,UN,1,2,2
2340,PRODUTO,UN,1,2,2
2341,PRODUTO,UN,1,2,2
2342,PRODUTO,UN,1,2,2
2343,PRODUTO,UN,1,2,2
2344,PRODUTO,UN,1,2,2
2345,PRODUTO,UN,1,2,2
2346,PRODUTO,UN,1,2,2
2347,PRODUTO,UN,1,2,2
2348,PRODUTO,UN,1,2,2
2349,PRODUTO,UN,1,2,2
2350,PRODUTO,UN,1,2,2
2351,PRODUTO,UN,1,2,2
2352,PRODUTO,UN,1,2,2
2353,PRODUTO,UN,1,2,2
2354,PRODUTO,UN,1,2,2
2355,PRODUTO,UN,1,2,2
2356,PRODUTO,UN,1,2,2
2357,PRODUTO,UN,1,2,2
2358,PRODUTO,UN,1,2,2
2359,PRODUTO,UN,1,2,2
2360,PRODUTO,UN,1,2,2
2361,PRODUTO,UN,1,2,2
2362,PRODUTO,UN,1,2,2
2363,PRODUTO,UN,1,2,2
2364,PRODUTO,UN,1,2,2
2365,PRODUTO,UN,1,2,2
2366,PRODUTO,UN,1,2,2
2367,PRODUTO,UN,1,2,2
2368,PRODUTO,UN,1,2,2
2369,PRODUTO,UN,1,2,2
2370,PRODUTO,UN,1,2,2
2371,PRODUTO,UN,1,2,2
2372,PRODUTO,UN,1,2,2
2373,PRODUTO,UN,1,2,2
2374,PRODUTO,UN,1,2,2
2375,PRODUTO,UN,1,2,2
2376,PRODUTO,UN,1,2,2
2377,PRODUTO,UN,1,2,2
2378,PRODUTO,UN,1,2,2
2379,PRODUTO,UN,1,2,2
2380,PRODUTO,UN,1,2,2
2381,PRODUTO,UN,1,2,2
2382,PRODUTO,UN,1,2,2
2383,PRODUTO,UN,1,2,2
2384,PRODUTO,UN,1,2,2
2385,PRODUTO,UN,1,2,2
2386,PRODUTO,UN,1,2,2
2387,PRODUTO,UN,1,2,2
2388,PRODUTO,UN,1,2,2
2389,PRODUTO,UN,1,2,2
2390,PRODUTO,UN,1,2,2
2391,PRODUTO,UN,1,2,2
2392,PRODUTO,UN,1,2,2
2393,PRODUTO,UN,1,2,2
2394,PRODUTO,UN,1,2,2
2395,PRODUTO,UN,1,2,2
2396,PRODUTO,UN,1,2,2
2397,PRODUTO,UN,1,2,2
2398,PRODUTO,UN,1,2,2
2399,PRODUTO,UN,1,2,2
2400,PRODUTO,UN,1,2,2
2401,PRODUTO,UN,1,2,2
2402,PRODUTO,UN,1,2,2
2403,PRODUTO,UN,1,2,2
2404,PRODUTO,UN,1,2,2
2405,PRODUTO,UN,1,2,2
2406,PRODUTO,UN,1,2,2
2407,PRODUTO,UN,1,2,2
2408,PRODUTO,UN,1,2,2
2409,PRODUTO,UN,1,2,2
2410,PRODUTO,UN,1,2,2
2411,PRODUTO,UN,1,2,2
2412,PRODUTO,UN,1,2,2
2413,PRODUTO,UN,1,2,2
2414,PRODUTO,UN,1,2,2
2415,PRODUTO,UN,1,2,2
2416,PRODUTO,UN,1,2,2
2417,PRODUTO,UN,1,2,2
2418,PRODUTO,UN,1,2,2
2419,PRODUTO,UN,1,2,2
2420,PRODUTO,UN,1,2,2
2421,PRODUTO,UN,1,2,2
2422,PRODUTO,UN,1,2,2
2423,PRODUTO,UN,1,2,2
2424,PRODUTO,UN,1,2,2
2425,PRODUTO,UN,1,2,2
2426,PRODUTO,UN,1,2,2
2427,PRODUTO,UN,1,2,2
2428,PRODUTO,UN,1,2,2
2429,PRODUTO,UN,1,2,2
2430,PRODUTO,UN,1,2,2
2431,PRODUTO,UN,1,2,2
2432,PRODUTO,UN,1,2,2
2433,PRODUTO,UN,1,2,2
2434,PRODUTO,UN,1,2,2
2435,PRODUTO,UN,1,2,2
2436,PRODUTO,UN,1,2,2
2437,PRODUTO,UN,1,2,2
2438,PRODUTO,UN,1,2,2
2439,PRODUTO,UN,1,2,2
2440,PRODUTO,UN,1,2,2
2441,PRODUTO,UN,1,2,2
2442,PRODUTO,UN,1,2,2
2443,PRODUTO,UN,1,2,2
2444,PRODUTO,UN,1,2,2
2445,PRODUTO,UN,1,2,2
2446,PRODUTO,UN,1,2,2
2447,PRODUTO,UN,1,2,2
2448,PRODUTO,UN,1,2,2
2449,PRODUTO,UN,1,2,2
2450,PRODUTO,UN,1,2,2
2451,PRODUTO,UN,1,2,2
2452,PRODUTO,UN,1,2,2
2453,PRODUTO,UN,1,2,2
2454,PRODUTO,UN,1,2,2
2455,PRODUTO,UN,1,2,2
2456,PRODUTO,UN,1,2,2
2457,PRODUTO,UN,1,2,2
2458,PRODUTO,UN,1,2,2
2459,PRODUTO,UN,1,2,2
2460,PRODUTO,UN,1,2,2
2461,PRODUTO,UN,1,2,2
2462,PRODUTO,UN,1,2,2
2463,PRODUTO,UN,1,2,2
2464,PRODUTO,UN,1,2,2
2465,PRODUTO,UN,1,2,2
2466,PRODUTO,UN,1,2,2
2467,PRODUTO,UN,1,2,2
2468,PRODUTO,UN,1,2,2
2469,PRODUTO,UN,1,2,2
2470,PRODUTO,UN,1,2,2
2471,PRODUTO,UN,1,2,2
2472,PRODUTO,UN,1,2,2
2473,PRODUTO,UN,1,2,2
2474,PRODUTO,UN,1,2,2
2475,PRODUTO,UN,1,2,2
2476,PRODUTO,UN,1,2,2
2477,PRODUTO,UN,1,2,2
2478,PRODUTO,UN,1,2,2
2479,PRODUTO,UN,1,2,2
2480,PRODUTO,UN,1,2,2
2481,PRODUTO,UN,1,2,2
2482,PRODUTO,UN,1,2,2
2483,PRODUTO,UN,1,2,2
2484,PRODUTO,UN,1,2,2
2485,PRODUTO,UN,1,2,2
2486,PRODUTO,UN,1,2,2
2487,PRODUTO,UN,1,2,2
2488,PRODUTO,UN,1,2,2
2489,PRODUTO,UN,1,2,2
2490,PRODUTO,UN,1,2,2
2491,PRODUTO,UN,1,2,2
2492,PRODUTO,UN,1,2,2
2493,PRODUTO,UN,1,2,2
2494,PRODUTO,UN,1,2,2
2495,PRODUTO,UN,1,2,2
2496,PRODUTO,UN,1,2,2
2497,PRODUTO,UN,1,2,2
2498,PRODUTO,UN,1,2,2
2499,PRODUTO,UN,1,2,2
2500,PRODUTO,UN,1,2,2
2501,PRODUTO,UN,1,2,2
2502,PRODUTO,UN,1,2,2
2503,PRODUTO,UN,1,2,2
2504,PRODUTO,UN,1,2,2
2505,PRODUTO,UN,1,2,2
2506,PRODUTO,UN,1,2,2
2507,PRODUTO,UN,1,2,2
2508,PRODUTO,UN,1,2,2
2509,PRODUTO,UN,1,2,2
2510,PRODUTO,UN,1,2,2
2511,PRODUTO,UN,1,2,2
2512,PRODUTO,UN,1,2,2
2513,PRODUTO,UN,1,2,2
2514,PRODUTO,UN,1,2,2
2515,PRODUTO,UN,1,2,2
2516,PRODUTO,UN,1,2,2
2517,PRODUTO,UN,1,2,2
2518,PRODUTO,UN,1,2,2
2519,PRODUTO,UN,1,2,2
2520,PRODUTO,UN,1,2,2
2521,PRODUTO,UN,1,2,2
2522,PRODUTO,UN,1,2,2
2523,PRODUTO,UN,1,2,2
2524,PRODUTO,UN,1,2,2
2525,PRODUTO,UN,1,2,2
2526,PRODUTO,UN,1,2,2
2527,PRODUTO,UN,1,2,2
2528,PRODUTO,UN,1,2,2
2529,PRODUTO,UN,1,2,2
2530,PRODUTO,UN,1,2,2
2531,PRODUTO,UN,1,2,2
2532,PRODUTO,UN,1,2,2
2533,PRODUTO,UN,1,2,2
2534,PRODUTO,UN,1,2,2
2535,PRODUTO,UN,1,2,2
2536,PRODUTO,UN,1,2,2
2537,PRODUTO,UN,1,2,2
2538,PRODUTO,UN,1,2,2
2539,PRODUTO,UN,1,2,2
2540,PRODUTO,UN,1,2,2
2541,PRODUTO,UN,1,2,2
2542,PRODUTO,UN,1,2,2
2543,PRODUTO,UN,1,2,2
2544,PRODUTO,UN,1,2,2
2545,PRODUTO,UN,1,2,2
2546,PRODUTO,UN,1,2,2
2547,PRODUTO,UN,1,2,2
2548,PRODUTO,UN,1,2,2
2549,PRODUTO,UN,1,2,2
2550,PRODUTO,UN,1,2,2
2551,PRODUTO,UN,1,2,2
2552,PRODUTO,UN,1,2,2
2553,PRODUTO,UN,1,2,2
2554,PRODUTO,UN,1,2,2
2555,PRODUTO,UN,1,2,2
2556,PRODUTO,UN,1,2,2
2557,PRODUTO,UN,1,2,2
2558,PRODUTO,UN,1,2,2
2559,PRODUTO,UN,1,2,2
2560,PRODUTO,UN,1,2,2
2561,PRODUTO,UN,1,2,2
2562,PRODUTO,UN,1,2,2
2563,PRODUTO,UN,1,2,2
2564,PRODUTO,UN,1,2,2
2565,PRODUTO,UN,1,2,2
2566,PRODUTO,UN,1,2,2
2567,PRODUTO,UN,1,2,2
2568,PRODUTO,UN,1,2,2
2569,PRODUTO,UN,1,2,2
2570,PRODUTO,UN,1,2,2
2571,PRODUTO,UN,1,2,2
2572,PRODUTO,UN,1,2,2
2573,PRODUTO,UN,1,2,2
2574,PRODUTO,UN,1,2,2
2575,PRODUTO,UN,1,2,2
2576,PRODUTO,UN,1,2,2
2577,PRODUTO,UN,1,2,2
2578,PRODUTO,UN,1,2,2
2579,PRODUTO,UN,1,2,2
2580,PRODUTO,UN,1,2,2
2581,PRODUTO,UN,1,2,2
2582,PRODUTO,UN,1,2,2
2583,PRODUTO,UN,1,2,2
2584,PRODUTO,UN,1,2,2
2585,PRODUTO,UN,1,2,2
2586,PRODUTO,UN,1,2,2
2587,PRODUTO,UN,1,2,2
2588,PRODUTO,UN,1,2,2
2589,PRODUTO,UN,1,2,2
2590,PRODUTO,UN,1,2,2
2591,PRODUTO,UN,1,2,2
2592,PRODUTO,UN,1,2,2
2593,PRODUTO,UN,1,2,2
2594,PRODUTO,UN,1,2,2
2595,PRODUTO,UN,1,2,2
2596,PRODUTO,UN,1,2,2
2597,PRODUTO,UN,1,2,2
2598,PRODUTO,UN,1,2,2
2599,PRODUTO,UN,1,2,2
2600,PRODUTO,UN,1,2,2
2601,PRODUTO,UN,1,2,2
2602,PRODUTO,UN,1,2,2
2603,PRODUTO,UN,1,2,2
2604,PRODUTO,UN,1,2,2
2605,PRODUTO,UN,1,2,2
2606,PRODUTO,UN,1,2,2
2607,PRODUTO,UN,1,2,2
2608,PRODUTO,UN,1,2,2
2609,PRODUTO,UN,1,2,2
2610,PRODUTO,UN,1,2,2
2611,PRODUTO,UN,1,2,2
2612,PRODUTO,UN,1,2,2
2613,PRODUTO,UN,1,2,2
2614,PRODUTO,UN,1,2,2
2615,PRODUTO,UN,1,2,2
2616,PRODUTO,UN,1,2,2
2617,PRODUTO,UN,1,2,2
2618,PRODUTO,UN,1,2,2
2619,PRODUTO,UN,1,2,2
2620,PRODUTO,UN,1,2,2
2621,PRODUTO,UN,1,2,2
2622,PRODUTO,UN,1,2,2
2623,PRODUTO,UN,1,2,2
2624,PRODUTO,UN,1,2,2
2625,PRODUTO,UN,1,2,2
2626,PRODUTO,UN,1,2,2
2627,PRODUTO,UN,1,2,2
2628,PRODUTO,UN,1,2,2
2629,PRODUTO,UN,1,2,2
2630,PRODUTO,UN,1,2,2
2631,PRODUTO,UN,1,2,2
2632,PRODUTO,UN,1,2,2
2633,PRODUTO,UN,1,2,2
2634,PRODUTO,UN,1,2,2
2635,PRODUTO,UN,1,2,2
2636,PRODUTO,UN,1,2,2
2637,PRODUTO,UN,1,2,2
2638,PRODUTO,UN,1,2,2
2639,PRODUTO,UN,1,2,2
2640,PRODUTO,UN,1,2,2
2641,PRODUTO,UN,1,2,2
2642,PRODUTO,UN,1,2,2
2643,PRODUTO,UN,1,2,2
2644,PRODUTO,UN,1,2,2
2645,PRODUTO,UN,1,2,2
2646,PRODUTO,UN,1,2,2
2647,PRODUTO,UN,1,2,2
2648,PRODUTO,UN,1,2,2
2649,PRODUTO,UN,1,2,2
2650,PRODUTO,UN,1,2,2
2651,PRODUTO,UN,1,2,2
2652,PRODUTO,UN,1,2,2
2653,PRODUTO,UN,1,2,2
2654,PRODUTO,UN,1,2,2
2655,PRODUTO,UN,1,2,2
2656,PRODUTO,UN,1,2,2
2657,PRODUTO,UN,1,2,2
2658,PRODUTO,UN,1,2,2
2659,PRODUTO,UN,1,2,2
2660,PRODUTO,UN,1,2,2
2661,PRODUTO,UN,1,2,2
2662,PRODUTO,UN,1,2,2
2663,PRODUTO,UN,1,2,2
2664,PRODUTO,UN,1,2,2
2665,PRODUTO,UN,1,2,2
2666,PRODUTO,UN,1,2,2
2667,PRODUTO,UN,1,2,2
2668,PRODUTO,UN,1,2,2
2669,PRODUTO,UN,1,2,2
2670,PRODUTO,UN,1,2,2
2671,PRODUTO,UN,1,2,2
2672,PRODUTO,UN,1,2,2
2673,PRODUTO,UN,1,2,2
2674,PRODUTO,UN,1,2,2
2675,PRODUTO,UN,1,2,2
2676,PRODUTO,UN,1,2,2
2677,PRODUTO,UN,1,2,2
2678,PRODUTO,UN,1,2,2
2679,PRODUTO,UN,1,2,2
2680,PRODUTO,UN,1,2,2
2681,PRODUTO,UN,1,2,2
2682,PRODUTO,UN,1,2,2
2683,PRODUTO,UN,1,2,2
2684,PRODUTO,UN,1,2,2
2685,PRODUTO,UN,1,2,2
2686,PRODUTO,UN,1,2,2
2687,PRODUTO,UN,1,2,2
2688,PRODUTO,UN,1,2,2
2689,PRODUTO,UN,1,2,2
2690,PRODUTO,UN,1,2,2
2691,PRODUTO,UN,1,2,2
2692,PRODUTO,UN,1,2,2
2693,PRODUTO,UN,1,2,2
2694,PRODUTO,UN,1,2,2
2695,PRODUTO,UN,1,2,2
2696,PRODUTO,UN,1,2,2
2697,PRODUTO,UN,1,2,2
2698,PRODUTO,UN,1,2,2
2699,PRODUTO,UN,1,2,2
2700,PRODUTO,UN,1,2,2
2701,PRODUTO,UN,1,2,2
2702,PRODUTO,UN,1,2,2
2703,PRODUTO,UN,1,2,2
2704,PRODUTO,UN,1,2,2
2705,PRODUTO,UN,1,2,2
2706,PRODUTO,UN,1,2,2
2707,PRODUTO,UN,1,2,2
2708,PRODUTO,UN,1,2,2
2709,PRODUTO,UN,1,2,2
2710,PRODUTO,UN,1,2,2
2711,PRODUTO,UN,1,2,2
2712,PRODUTO,UN,1,2,2
2713,PRODUTO,UN,1,2,2
2714,PRODUTO,UN,1,2,2
2715,PRODUTO,UN,1,2,2
2716,PRODUTO,UN,1,2,2
2717,PRODUTO,UN,1,2,2
2718,PRODUTO,UN,1,2,2
2719,PRODUTO,UN,1,2,2
2720,PRODUTO,UN,1,2,2
2721,PRODUTO,UN,1,2,2
2722,PRODUTO,UN,1,2,2
2723,PRODUTO,UN,1,2,2
2724,PRODUTO,UN,1,2,2
2725,PRODUTO,UN,1,2,2
2726,PRODUTO,UN,1,2,2
2727,PRODUTO,UN,1,2,2
2728,PRODUTO,UN,1,2,2
2729,PRODUTO,UN,1,2,2
2730,PRODUTO,UN,1,2,2
2731,PRODUTO,UN,1,2,2
2732,PRODUTO,UN,1,2,2
2733,PRODUTO,UN,1,2,2
2734,PRODUTO,UN,1,2,2
2735,PRODUTO,UN,1,2,2
2736,PRODUTO,UN,1,2,2
2737,PRODUTO,UN,1,2,2
2738,PRODUTO,UN,1,2,2
2739,PRODUTO,UN,1,2,2
2740,PRODUTO,UN,1,2,2
2741,PRODUTO,UN,1,2,2
2742,PRODUTO,UN,1,2,2
2743,PRODUTO,UN,1,2,2
2744,PRODUTO,UN,1,2,2
2745,PRODUTO,UN,1,2,2
2746,PRODUTO,UN,1,2,2
2747,PRODUTO,UN,1,2,2
2748,PRODUTO,UN,1,2,2
2749,PRODUTO,UN,1,2,2
2750,PRODUTO,UN,1,2,2
2751,PRODUTO,UN,1,2,2
2752,PRODUTO,UN,1,2,2
2753,PRODUTO,UN,1,2,2
2754,PRODUTO,UN,1,2,2
2755,PRODUTO,UN,1,2,2
2756,PRODUTO,UN,1,2,2
2757,PRODUTO,UN,1,2,2
2758,PRODUTO,UN,1,2,2
2759,PRODUTO,UN,1,2,2
2760,PRODUTO,UN,1,2,2
2761,PRODUTO,UN,1,2,2
2762,PRODUTO,UN,1,2,2
2763,PRODUTO,UN,1,2,2
2764,PRODUTO,UN,1,2,2
2765,PRODUTO,UN,1,2,2
2766,PRODUTO,UN,1,2,2
2767,PRODUTO,UN,1,2,2
2768,PRODUTO,UN,1,2,2
2769,PRODUTO,UN,1,2,2
2770,PRODUTO,UN,1,2,2
2771,PRODUTO,UN,1,2,2
2772,PRODUTO,UN,1,2,2
2773,PRODUTO,UN,1,2,2
2774,PRODUTO,UN,1,2,2
2775,PRODUTO,UN,1,2,2
2776,PRODUTO,UN,1,2,2
2777,PRODUTO,UN,1,2,2
2778,PRODUTO,UN,1,2,2
2779,PRODUTO,UN,1,2,2
2780,PRODUTO,UN,1,2,2
2781,PRODUTO,UN,1,2,2
2782,PRODUTO,UN,1,2,2
2783,PRODUTO,UN,1,2,2
2784,PRODUTO,UN,1,2,2
2785,PRODUTO,UN,1,2,2
2786,PRODUTO,UN,1,2,2
2787,PRODUTO,UN,1,2,2
2788,PRODUTO,UN,1,2,2
2789,PRODUTO,UN,1,2,2
2790,PRODUTO,UN,1,2,2
2791,PRODUTO,UN,1,2,2
2792,PRODUTO,UN,1,2,2
2793,PRODUTO,UN,1,2,2
2794,PRODUTO,UN,1,2,2
2795,PRODUTO,UN,1,2,2
2796,PRODUTO,UN,1,2,2
2797,PRODUTO,UN,1,2,2
2798,PRODUTO,UN,1,2,2
2799,PRODUTO,UN,1,2,2
2800,PRODUTO,UN,1,2,2
2801,PRODUTO,UN,1,2,2
2802,PRODUTO,UN,1,2,2
2803,PRODUTO,UN,1,2,2
2804,PRODUTO,UN,1,2,2
2805,PRODUTO,UN,1,2,2
2806,PRODUTO,UN,1,2,2
2807,PRODUTO,UN,1,2,2
2808,PRODUTO,UN,1,2,2
2809,PRODUTO,UN,1,2,2
2810,PRODUTO,UN,1,2,2
2811,PRODUTO,UN,1,2,2
2812,PRODUTO,UN,1,2,2
2813,PRODUTO,UN,1,2,2
2814,PRODUTO,UN,1,2,2
2815,PRODUTO,UN,1,2,2
2816,PRODUTO,UN,1,2,2
2817,PRODUTO,UN,1,2,2
2818,PRODUTO,UN,1,2,2
2819,PRODUTO,UN,1,2,2
2820,PRODUTO,UN,1,2,2
2821,PRODUTO,UN,1,2,2
2822,PRODUTO,UN,1,2,2
2823,PRODUTO,UN,1,2,2
2824,PRODUTO,UN,1,2,2
2825,PRODUTO,UN,1,2,2
2826,PRODUTO,UN,1,2,2
2827,PRODUTO,UN,1,2,2
2828,PRODUTO,UN,1,2,2
2829,PRODUTO,UN,1,2,2
2830,PRODUTO,UN,1,2,2
2831,PRODUTO,UN,1,2,2
2832,PRODUTO,UN,1,2,2
2833,PRODUTO,UN,1,2,2
2834,PRODUTO,UN,1,2,2
2835,PRODUTO,UN,1,2,2
2836,PRODUTO,UN,1,2,2
2837,PRODUTO,UN,1,2,2
2838,PRODUTO,UN,1,2,2
2839,PRODUTO,UN,1,2,2
2840,PRODUTO,UN,1,2,2
2841,PRODUTO,UN,1,2,2
2842,PRODUTO,UN,1,2,2
2843,PRODUTO,UN,1,2,2
2844,PRODUTO,UN,1,2,2
2845,PRODUTO,UN,1,2,2
2846,PRODUTO,UN,1,2,2
2847,PRODUTO,UN,1,2,2
2848,PRODUTO,UN,1,2,2
2849,PRODUTO,UN,1,2,2
2850,PRODUTO,UN,1,2,2
2851,PRODUTO,UN,1,2,2
2852,PRODUTO,UN,1,2,2
2853,PRODUTO,UN,1,2,2
2854,PRODUTO,UN,1,2,2
2855,PRODUTO,UN,1,2,2
2856,PRODUTO,UN,1,2,2
2857,PRODUTO,UN,1,2,2
2858,PRODUTO,UN,1,2,2
2859,PRODUTO,UN,1,2,2
2860,PRODUTO,UN,1,2,2
2861,PRODUTO,UN,1,2,2
2862,PRODUTO,UN,1,2,2
2863,PRODUTO,UN,1,2,2
2864,PRODUTO,UN,1,2,2
2865,PRODUTO,UN,1,2,2
2866,PRODUTO,UN,1,2,2
2867,PRODUTO,UN,1,2,2
2868,PRODUTO,UN,1,2,2
2869,PRODUTO,UN,1,2,2
2870,PRODUTO,UN,1,2,2
2871,PRODUTO,UN,1,2,2
2872,PRODUTO,UN,1,2,2
2873,PRODUTO,UN,1,2,2
2874,PRODUTO,UN,1,2,2
2875,PRODUTO,UN,1,2,2
2876,PRODUTO,UN,1,2,2
2877,PRODUTO,UN,1,2,2
2878,PRODUTO,UN,1,2,2
2879,PRODUTO,UN,1,2,2
2880,PRODUTO,UN,1,2,2
2881,PRODUTO,UN,1,2,2
2882,PRODUTO,UN,1,2,2
2883,PRODUTO,UN,1,2,2
2884,PRODUTO,UN,1,2,2
2885,PRODUTO,UN,1,2,2
2886,PRODUTO,UN,1,2,2
2887,PRODUTO,UN,1,2,2
2888,PRODUTO,UN,1,2,2
2889,PRODUTO,UN,1,2,2
2890,PRODUTO,UN,1,2,2
2891,PRODUTO,UN,1,2,2
2892,PRODUTO,UN,1,2,2
2893,PRODUTO,UN,1,2,2
2894,PRODUTO,UN,1,2,2
2895,PRODUTO,UN,1,2,2
2896,PRODUTO,UN,1,2,2
2897,PRODUTO,UN,1,2,2
2898,PRODUTO,UN,1,2,2
2899,PRODUTO,UN,1,2,2
2900,PRODUTO,UN,1,2,2
2901,PRODUTO,UN,1,2,2
2902,PRODUTO,UN,1,2,2
2903,PRODUTO,UN,1,2,2
2904,PRODUTO,UN,1,2,2
2905,PRODUTO,UN,1,2,2
2906,PRODUTO,UN,1,2,2
2907,PRODUTO,UN,1,2,2
2908,PRODUTO,UN,1,2,2
2909,PRODUTO,UN,1,2,2
2910,PRODUTO,UN,1,2,2
2911,PRODUTO,UN,1,2,2
2912,PRODUTO,UN,1,2,2
2913,PRODUTO,UN,1,2,2
2914,PRODUTO,UN,1,2,2
2915,PRODUTO,UN,1,2,2
2916,PRODUTO,UN,1,2,2
2917,PRODUTO,UN,1,2,2
2918,PRODUTO,UN,1,2,2
2919,PRODUTO,UN,1,2,2
2920,PRODUTO,UN,1,2,2
2921,PRODUTO,UN,1,2,2
2922,PRODUTO,UN,1,2,2
2923,PRODUTO,UN,1,2,2
2924,PRODUTO,UN,1,2,2
2925,PRODUTO,UN,1,2,2
2926,PRODUTO,UN,1,2,2
2927,PRODUTO,UN,1,2,2
2928,PRODUTO,UN,1,2,2
2929,PRODUTO,UN,1,2,2
2930,PRODUTO,UN,1,2,2
2931,PRODUTO,UN,1,2,2
2932,PRODUTO,UN,1,2,2
2933,PRODUTO,UN,1,2,2
2934,PRODUTO,UN,1,2,2
2935,PRODUTO,UN,1,2,2
2936,PRODUTO,UN,1,2,2
2937,PRODUTO,UN,1,2,2
2938,PRODUTO,UN,1,2,2
2939,PRODUTO,UN,1,2,2
2940,PRODUTO,UN,1,2,2
2941,PRODUTO,UN,1,2,2
2942,PRODUTO,UN,1,2,2
2943,PRODUTO,UN,1,2,2
2944,PRODUTO,UN,1,2,2
2945,PRODUTO,UN,1,2,2
2946,PRODUTO,UN,1,2,2
2947,PRODUTO,UN,1,2,2
2948,PRODUTO,UN,1,2,2
2949,PRODUTO,UN,1,2,2
2950,PRODUTO,UN,1,2,2
2951,PRODUTO,UN,1,2,2
2952,PRODUTO,UN,1,2,2
2953,PRODUTO,UN,1,2,2
2954,PRODUTO,UN,1,2,2
2955,PRODUTO,UN,1,2,2
2956,PRODUTO,UN,1,2,2
2957,PRODUTO,UN,1,2,2
2958,PRODUTO,UN,1,2,2
2959,PRODUTO,UN,1,2,2
2960,PRODUTO,UN,1,2,2
2961,PRODUTO,UN,1,2,2